Index	URL	Trait	Diet	Species	Group	Dataset	Record ID	Symbol	Description	ProbeTarget	PubMed_ID	Chr	Mb	Alias	Gene_ID	Homologene_ID	UniGene_ID	Strand_Probe	Probe_set_specificity	Probe_set_BLAT_score	Probe_set_BLAT_Mb_start	Probe_set_BLAT_Mb_end	QTL_Chr	QTL_Mb	Locus_at_Peak	Max_LRS	P_value_of_MAX	Mean_Expression	C57BL/6J	C57BL/6J_SE	DBA/2J	DBA/2J_SE	B6D2F1	B6D2F1_SE	D2B6F1	D2B6F1_SE	BXD1	BXD1_SE	BXD2	BXD2_SE	BXD5	BXD5_SE	BXD6	BXD6_SE	BXD8	BXD8_SE	BXD9	BXD9_SE	BXD11	BXD11_SE	BXD12	BXD12_SE	BXD13	BXD13_SE	BXD14	BXD14_SE	BXD15	BXD15_SE	BXD16	BXD16_SE	BXD18	BXD18_SE	BXD19	BXD19_SE	BXD20	BXD20_SE	BXD21	BXD21_SE	BXD22	BXD22_SE	BXD23	BXD23_SE	BXD24	BXD24_SE	BXD24a	BXD24a_SE	BXD25	BXD25_SE	BXD27	BXD27_SE	BXD28	BXD28_SE	BXD29	BXD29_SE	BXD30	BXD30_SE	BXD31	BXD31_SE	BXD32	BXD32_SE	BXD33	BXD33_SE	BXD34	BXD34_SE	BXD35	BXD35_SE	BXD36	BXD36_SE	BXD37	BXD37_SE	BXD38	BXD38_SE	BXD39	BXD39_SE	BXD40	BXD40_SE	BXD41	BXD41_SE	BXD42	BXD42_SE	BXD43	BXD43_SE	BXD44	BXD44_SE	BXD45	BXD45_SE	BXD48	BXD48_SE	BXD48a	BXD48a_SE	BXD49	BXD49_SE	BXD50	BXD50_SE	BXD51	BXD51_SE	BXD52	BXD52_SE	BXD53	BXD53_SE	BXD54	BXD54_SE	BXD55	BXD55_SE	BXD56	BXD56_SE	BXD59	BXD59_SE	BXD60	BXD60_SE	BXD61	BXD61_SE	BXD62	BXD62_SE	BXD63	BXD63_SE	BXD64	BXD64_SE	BXD65	BXD65_SE	BXD65a	BXD65a_SE	BXD65b	BXD65b_SE	BXD66	BXD66_SE	BXD67	BXD67_SE	BXD68	BXD68_SE	BXD69	BXD69_SE	BXD70	BXD70_SE	BXD71	BXD71_SE	BXD72	BXD72_SE	BXD73	BXD73_SE	BXD73a	BXD73a_SE	BXD73b	BXD73b_SE	BXD74	BXD74_SE	BXD75	BXD75_SE	BXD76	BXD76_SE	BXD77	BXD77_SE	BXD78	BXD78_SE	BXD79	BXD79_SE	BXD81	BXD81_SE	BXD83	BXD83_SE	BXD84	BXD84_SE	BXD85	BXD85_SE	BXD86	BXD86_SE	BXD87	BXD87_SE	BXD88	BXD88_SE	BXD89	BXD89_SE	BXD90	BXD90_SE	BXD91	BXD91_SE	BXD93	BXD93_SE	BXD94	BXD94_SE	BXD95	BXD95_SE	BXD98	BXD98_SE	BXD99	BXD99_SE	BXD100	BXD100_SE	BXD101	BXD101_SE	BXD102	BXD102_SE	BXD104	BXD104_SE	BXD105	BXD105_SE	BXD106	BXD106_SE	BXD107	BXD107_SE	BXD108	BXD108_SE	BXD109	BXD109_SE	BXD110	BXD110_SE	BXD111	BXD111_SE	BXD112	BXD112_SE	BXD113	BXD113_SE	BXD114	BXD114_SE	BXD115	BXD115_SE	BXD116	BXD116_SE	BXD117	BXD117_SE	BXD119	BXD119_SE	BXD120	BXD120_SE	BXD121	BXD121_SE	BXD122	BXD122_SE	BXD123	BXD123_SE	BXD124	BXD124_SE	BXD125	BXD125_SE	BXD126	BXD126_SE	BXD127	BXD127_SE	BXD128	BXD128_SE	BXD128a	BXD128a_SE	BXD130	BXD130_SE	BXD131	BXD131_SE	BXD132	BXD132_SE	BXD133	BXD133_SE	BXD134	BXD134_SE	BXD135	BXD135_SE	BXD136	BXD136_SE	BXD137	BXD137_SE	BXD138	BXD138_SE	BXD139	BXD139_SE	BXD141	BXD141_SE	BXD142	BXD142_SE	BXD144	BXD144_SE	BXD145	BXD145_SE	BXD146	BXD146_SE	BXD147	BXD147_SE	BXD148	BXD148_SE	BXD149	BXD149_SE	BXD150	BXD150_SE	BXD151	BXD151_SE	BXD152	BXD152_SE	BXD153	BXD153_SE	BXD154	BXD154_SE	BXD155	BXD155_SE	BXD156	BXD156_SE	BXD157	BXD157_SE	BXD160	BXD160_SE	BXD161	BXD161_SE	BXD162	BXD162_SE	BXD165	BXD165_SE	BXD168	BXD168_SE	BXD169	BXD169_SE	BXD170	BXD170_SE	BXD171	BXD171_SE	BXD172	BXD172_SE	BXD173	BXD173_SE	BXD174	BXD174_SE	BXD175	BXD175_SE	BXD176	BXD176_SE	BXD177	BXD177_SE	BXD178	BXD178_SE	BXD180	BXD180_SE	BXD181	BXD181_SE	BXD183	BXD183_SE	BXD184	BXD184_SE	BXD186	BXD186_SE	BXD187	BXD187_SE	BXD188	BXD188_SE	BXD189	BXD189_SE	BXD190	BXD190_SE	BXD191	BXD191_SE	BXD192	BXD192_SE	BXD193	BXD193_SE	BXD194	BXD194_SE	BXD195	BXD195_SE	BXD196	BXD196_SE	BXD197	BXD197_SE	BXD198	BXD198_SE	BXD199	BXD199_SE	BXD200	BXD200_SE	BXD201	BXD201_SE	BXD202	BXD202_SE	BXD203	BXD203_SE	BXD204	BXD204_SE	BXD205	BXD205_SE	BXD206	BXD206_SE	BXD207	BXD207_SE	BXD208	BXD208_SE	BXD209	BXD209_SE	BXD210	BXD210_SE	BXD211	BXD211_SE	BXD212	BXD212_SE	BXD213	BXD213_SE	BXD214	BXD214_SE	BXD215	BXD215_SE	BXD216	BXD216_SE	BXD217	BXD217_SE	BXD218	BXD218_SE	BXD219	BXD219_SE	BXD220	BXD220_SE	C57BL/6JxBXD037F1	C57BL/6JxBXD037F1_SE	BXD001xBXD065aF1	BXD001xBXD065aF1_SE	BXD009xBXD170F1	BXD009xBXD170F1_SE	BXD009xBXD172F1	BXD009xBXD172F1_SE	BXD012xBXD002F1	BXD012xBXD002F1_SE	BXD012xBXD021F1	BXD012xBXD021F1_SE	BXD020xBXD012F1	BXD020xBXD012F1_SE	BXD021xBXD002F1	BXD021xBXD002F1_SE	BXD024xBXD034F1	BXD024xBXD034F1_SE	BXD032xBXD005F1	BXD032xBXD005F1_SE	BXD032xBXD028F1	BXD032xBXD028F1_SE	BXD032xBXD65bF1	BXD032xBXD65bF1_SE	BXD034xBXD024F1	BXD034xBXD024F1_SE	BXD034xBXD073F1	BXD034xBXD073F1_SE	BXD055xBXD074F1	BXD055xBXD074F1_SE	BXD055xBXD65bF1	BXD055xBXD65bF1_SE	BXD061xBXD071F1	BXD061xBXD071F1_SE	BXD062xBXD077F1	BXD062xBXD077F1_SE	BXD065xBXD077F1	BXD065xBXD077F1_SE	BXD077xBXD065F1	BXD077xBXD065F1_SE	BXD065xBXD102F1	BXD065xBXD102F1_SE	BXD069xBXD090F1	BXD069xBXD090F1_SE	BXD071xBXD061F1	BXD071xBXD061F1_SE	BXD073bxBXD065F1	BXD073bxBXD065F1_SE	BXD073bxBXD077F1	BXD073bxBXD077F1_SE	BXD073xBXD034F1	BXD073xBXD034F1_SE	BXD073xBXD065F1	BXD073xBXD065F1_SE	BXD073xBXD077F1	BXD073xBXD077F1_SE	BXD074xBXD055F1	BXD074xBXD055F1_SE	BXD077xBXD062F1	BXD077xBXD062F1_SE	BXD083xBXD045F1	BXD083xBXD045F1_SE	BXD087xBXD100F1	BXD087xBXD100F1_SE	BXD065bxBXD055F1	BXD065bxBXD055F1_SE	BXD102xBXD077F1	BXD102xBXD077F1_SE	BXD102xBXD73bF1	BXD102xBXD73bF1_SE	BXD170xBXD172F1	BXD170xBXD172F1_SE	BXD172xBXD197F1	BXD172xBXD197F1_SE	BXD197xBXD009F1	BXD197xBXD009F1_SE	BXD197xBXD170F1	BXD197xBXD170F1_SE
1	https://genenetwork.org/show_trait?trait_id=20941&dataset=BXDPublish	Glucose [mg/dl]	CD	mouse	BXD	BXDPublish	20941	BG_6m_NtgBXD_Males	Metabolism: Blood glucose (mg/dL) measured in 6-month-old mice. This data is strain averaged across male non-transgenic littermates from the AD-BXD population (Ntg-BXDs) [mg/dL]	N/A				Not available	N/A	N/A	N/A		N/A	N/A	N/A	N/A	10	26.913592	rsm10000006951	14.831852026407121		115.07812595367432	109.666672	5.18759	x	x	97.666672	4.85569	x	x	x	x	x	x	x	x	x	x	x	x	x	x	x	x	x	x	x	x	x	x	x	x	x	x	x	x	x	x	x	x	x	x	x	x	x	x	x	x	x	x	x	x	x	x	x	x	x	x	x	x	x	x	96.5	2.62996	x	x	x	x	x	x	x	x	x	x	x	x	x	x	x	x	x	x	x	x	x	x	108.5	1.5	x	x	x	x	x	x	x	x	x	x	x	x	x	x	x	x	x	x	x	x	98		x	x	x	x	101	4.9833	141.666672	12.4142	x	x	x	x	126.166672	6.50342	x	x	x	x	111.599998	13.2575	x	x	128.5	12.0173	126	8.3865	x	x	x	x	x	x	x	x	x	x	x	x	x	x	124		x	x	117.400002	3.995	x	x	x	x	x	x	x	x	x	x	x	x	x	x	123.25	4.1508	x	x	113.5	4.5	x	x	x	x	x	x	x	x	x	x	x	x	x	x	117.833328	4.43784	x	x	x	x	x	x	x	x	x	x	x	x	x	x	x	x	x	x	x	x	x	x	x	x	x	x	x	x	x	x	x	x	x	x	x	x	x	x	x	x	x	x	x	x	x	x	x	x	x	x	x	x	x	x	x	x	x	x	x	x	x	x	x	x	x	x	x	x	x	x	x	x	x	x	x	x	x	x	x	x	x	x	x	x	x	x	x	x	x	x	x	x	x	x	x	x	x	x	x	x	x	x	x	x	x	x	x	x	x	x	x	x	x	x	x	x	x	x	x	x	x	x	x	x	x	x	x	x	x	x	x	x	x	x	x	x	x	x	x	x	x	x	x	x	x	x	x	x	x	x	x	x	x	x	x	x	x	x	x	x	x	x	x	x	x	x	x	x	x	x	x	x	x	x	x	x	x	x	x	x	x	x	x	x	x	x	x	x	x	x	x	x	x	x	x	x	x	x	x	x	x	x	x	x	x	x	x	x	x	x	x	x	x	x	x	x	x	x	x	x	x	x	x	x	x	x	x	x	x	x	x	x	x	x	x	x	x	x	x	x	x	x	x	x	x	x	x	x	x	x	x	x	x	x	x	x	x	x	x	x	x	x	x	x	x	x	x	x	x	x	x	x	x	x	x	x	x	x	x	x	x	x	x	x	x	x	x	x	x	x	x	x
2	https://genenetwork.org/show_trait?trait_id=20532&dataset=BXDPublish	Glucose [mg/dl]	CD	mouse	BXD	BXDPublish	20532	BG_6m_ADBXD	Metabolism: Blood glucose (mg/dL) measured in 6-month-old mice. This data is strain averaged across males and females from the AD-BXD population positive for 5XFAD transgene [mg/dL]	N/A				Not available	N/A	N/A	N/A		N/A	N/A	N/A	N/A	15	95.80687	rsm10000012260	13.040976658038135		106.43003954206195	119.875	4.72571	x	x	101.625	2.78181	x	x	x	x	104.125	4.03749	x	x	x	x	x	x	x	x	x	x	x	x	x	x	104.666672	3.05505	x	x	97.375	3.50478	x	x	x	x	x	x	x	x	96.400002	5.24023	x	x	x	x	x	x	x	x	x	x	x	x	x	x	x	x	x	x	97.85714	2.39931	x	x	111.375	2.84691	x	x	x	x	x	x	x	x	x	x	x	x	x	x	89	4.19987	x	x	118.066673	2.50802	x	x	x	x	x	x	x	x	x	x	90	3.23522	x	x	x	x	x	x	92.599998	2.5482	120.199997	4.89285	x	x	124.53846	5.33087	97.099998	4.56423	118.5	12.5	x	x	x	x	117.181824	5.28259	x	x	x	x	103.46154	5.1548	x	x	119.26667	4.90817	113.099998	5.1	100		x	x	x	x	x	x	x	x	x	x	x	x	111.5	2.86964	x	x	115.5	11.9617	x	x	x	x	83.166672	2.50706	x	x	x	x	x	x	x	x	107.588242	3.84159	x	x	123		x	x	x	x	x	x	x	x	x	x	x	x	99.75	7.565	103.222221	3.0947	x	x	x	x	x	x	x	x	x	x	x	x	x	x	x	x	x	x	x	x	x	x	x	x	x	x	x	x	x	x	x	x	x	x	x	x	x	x	x	x	x	x	x	x	x	x	x	x	x	x	x	x	x	x	x	x	x	x	x	x	x	x	x	x	x	x	x	x	x	x	x	x	x	x	x	x	x	x	x	x	x	x	x	x	x	x	x	x	x	x	x	x	x	x	x	x	x	x	x	x	x	x	x	x	x	x	x	x	x	x	x	x	x	x	x	x	x	x	x	x	x	x	x	x	x	x	x	x	x	x	x	x	x	x	x	x	x	x	x	x	x	x	x	x	x	x	x	x	x	x	x	x	x	x	x	x	x	x	x	x	x	x	x	x	x	x	x	x	x	x	x	x	x	x	x	x	x	x	x	x	x	x	x	x	x	x	x	x	x	x	x	x	x	x	x	x	x	x	x	x	x	x	x	x	x	x	x	x	x	x	x	x	x	x	x	x	x	x	x	x	x	x	x	x	x	x	x	x	x	x	x	x	x	x	x	x	x	x	x	x	x	x	x	x	x	x	x	x	x	x	x	x	x	x	x	x	x	x	x	x	x	x	x	x	x	x	x	x	x	x	x	x	x	x	x	x	x	x	x	x	x	x	x	x	x	x	x	x	x	x	x	x
3	https://genenetwork.org/show_trait?trait_id=17643&dataset=BXDPublish	Glucose [mg/dl]	CD	mouse	BXD	BXDPublish	17643	CD_Glucose0min_OGTT_[mg/dL]	Metabolism: Glycemia after overnight fast, chow diet (6% kCal/fat Harlan.2918), males [mg/mL] (EPFL LISP3 Cohort)	N/A	25215496			Not available	N/A	N/A	N/A		N/A	N/A	N/A	N/A	10	95.948855	rsm10000007291	16.79170831433167		106.4281815962358	103.5	2.87	86.5	4.87	x	x	x	x	72.800003	3.839	115	3.02765	x	x	102	10.583	x	x	x	x	x	x	71.400002	5.53715	x	x	x	x	x	x	104.599998	5.1049	x	x	x	x	x	x	x	x	x	x	x	x	x	x	x	x	x	x	122.599998	4.94571	x	x	x	x	x	x	x	x	90.800003	3.46	x	x	100.75	4.36606	x	x	x	x	x	x	x	x	153.399994	11.6688	91.199997	12.1	x	x	x	x	82.300003	4.6	120.599998	6.68281	154.75	10.6487	93	5.51	124.599998	9.6	89	4.1	91	4.8	119	10.2388	x	x	84.599998	4.79166	x	x	91.199997	3.08869	82	3.2	x	x	110.800003	16.33	96.300003	3.1798	137	3	122	6.8	79	6	143	4.95	146.399994	7.8	156.300003	12.9	113.5	10.4	113.800003	10.7443	95.400002	2.4	171.5	17.7	83.25	7.60893	79.199997	5.6	x	x	157.75	4.97284	128	5.3	103.400002	4.7	x	x	96.199997	3.97995	x	x	99	7.07	x	x	91.599998	2.657	87.75	6.76	106	3.5	81.599998	4.045	97.199997	6.3	x	x	96	2.73861	x	x	117	6.8	94	3.37	x	x	x	x	x	x	123	25.6	107.199997	2.8	84.800003	4.2	121	6.66	68	2.45	x	x	x	x	x	x	x	x	x	x	x	x	x	x	x	x	x	x	x	x	x	x	x	x	x	x	x	x	x	x	x	x	x	x	x	x	x	x	x	x	x	x	x	x	x	x	x	x	x	x	x	x	x	x	x	x	x	x	x	x	x	x	x	x	x	x	x	x	x	x	x	x	x	x	x	x	x	x	x	x	x	x	x	x	x	x	x	x	x	x	x	x	x	x	x	x	x	x	x	x	x	x	x	x	x	x	x	x	x	x	x	x	x	x	x	x	x	x	x	x	x	x	x	x	x	x	x	x	x	x	x	x	x	x	x	x	x	x	x	x	x	x	x	x	x	x	x	x	x	x	x	x	x	x	x	x	x	x	x	x	x	x	x	x	x	x	x	x	x	x	x	x	x	x	x	x	x	x	x	x	x	x	x	x	x	x	x	x	x	x	x	x	x	x	x	x	x	x	x	x	x	x	x	x	x	x	x	x	x	x	x	x	x	x	x	x	x	x	x	x	x	x	x	x	x	x	x	x	x	x	x	x	x	x	x	x	x	x	x	x	x	x	x	x	x	x	x	x	x	x	x	x	x	x	x	x	x	x	x	x	x	x	x	x	x	x	x	x	x	x	x	x	x	x	x	x	x	x	x	x	x	x	x	x	x	x	x	x	x	x
4	https://genenetwork.org/show_trait?trait_id=19095&dataset=BXDPublish	Glucose [mg/dl]	CD	mouse	BXD	BXDPublish	19095	N/A	Blood.glucose.6mo	N/A				Not available	N/A	N/A	N/A		N/A	N/A	N/A	N/A	11	112.948751	rsm10000008829	12.818221282300676		105.60977794505932	109.667	3.258	97.286003	2.232	x	x	x	x	x	x	99.286003	5.335	x	x	x	x	x	x	x	x	x	x	x	x	x	x	93	3.764	x	x	x	x	x	x	x	x	x	x	x	x	99.5	6.117	x	x	x	x	x	x	x	x	x	x	x	x	x	x	x	x	x	x	92.875	2.423	x	x	106.181999	5.505	x	x	x	x	x	x	x	x	x	x	x	x	x	x	93.400002	5.715	x	x	108	1	x	x	x	x	x	x	x	x	x	x	92.199997	3.216	x	x	x	x	x	x	96.333	5.426	112.167	5.043	x	x	114.599998	9.212	94.429001	6.047	126.800003	11.364	x	x	x	x	118.917	4.583	x	x	x	x	109.167	11.095	x	x	121.647003	3.609	129.332993	9.831	88		x	x	x	x	x	x	x	x	x	x	x	x	105.199997	3.366	x	x	107.5	4.083	x	x	x	x	89.625	3.727	x	x	x	x	x	x	x	x	115.800003	3.412	x	x	115.25	2.428	x	x	x	x	x	x	x	x	x	x	x	x	93		122.300003	3.353	x	x	x	x	x	x	x	x	x	x	x	x	x	x	x	x	x	x	x	x	x	x	x	x	x	x	x	x	x	x	x	x	x	x	x	x	x	x	x	x	x	x	x	x	x	x	x	x	x	x	x	x	x	x	x	x	x	x	x	x	x	x	x	x	x	x	x	x	x	x	x	x	x	x	x	x	x	x	x	x	x	x	x	x	x	x	x	x	x	x	x	x	x	x	x	x	x	x	x	x	x	x	x	x	x	x	x	x	x	x	x	x	x	x	x	x	x	x	x	x	x	x	x	x	x	x	x	x	x	x	x	x	x	x	x	x	x	x	x	x	x	x	x	x	x	x	x	x	x	x	x	x	x	x	x	x	x	x	x	x	x	x	x	x	x	x	x	x	x	x	x	x	x	x	x	x	x	x	x	x	x	x	x	x	x	x	x	x	x	x	x	x	x	x	x	x	x	x	x	x	x	x	x	x	x	x	x	x	x	x	x	x	x	x	x	x	x	x	x	x	x	x	x	x	x	x	x	x	x	x	x	x	x	x	x	x	x	x	x	x	x	x	x	x	x	x	x	x	x	x	x	x	x	x	x	x	x	x	x	x	x	x	x	x	x	x	x	x	x	x	x	x	x	x	x	x	x	x	x	x	x	x	x	x	x	x	x	x	x	x	x	x
5	https://genenetwork.org/show_trait?trait_id=20613&dataset=BXDPublish	Glucose [mg/dl]	CD	mouse	BXD	BXDPublish	20613	BG_6m_NtgBXD	Metabolism: Blood glucose (mg/dL) measured in 6-month-old mice. This data is strain averaged across male and female non-transgenic littermates from the AD-BXD population (Ntg-BXDs) [mg/dL]	N/A				Not available	N/A	N/A	N/A		N/A	N/A	N/A	N/A	11	112.948751	rsm10000008829	13.152026093036978		105.50600857204861	109.666672	3.25797	x	x	97.285713	2.23196	x	x	x	x	99.285713	5.33503	x	x	x	x	x	x	x	x	x	x	x	x	x	x	93	3.76386	x	x	x	x	x	x	x	x	x	x	x	x	99.5	6.11692	x	x	x	x	x	x	x	x	x	x	x	x	x	x	x	x	x	x	92.875	2.42338	x	x	106.181824	5.50507	x	x	x	x	x	x	x	x	x	x	x	x	x	x	93.400002	5.71489	x	x	108	1	x	x	x	x	x	x	x	x	x	x	89.400002	3.58608	x	x	x	x	x	x	96.333328	5.42627	112.166672	5.0426	x	x	114.599998	9.21195	94.428574	6.04687	126.800003	11.364	x	x	x	x	118.916672	4.58333	x	x	x	x	109.166672	11.0948	x	x	121.647057	3.60855	129.333328	9.83079	88		x	x	x	x	x	x	x	x	x	x	x	x	105.199997	3.36584	x	x	107.5	4.08316	x	x	x	x	89.625	3.72701	x	x	x	x	x	x	x	x	115.800003	3.41174	x	x	115.25	2.42813	x	x	x	x	x	x	x	x	x	x	x	x	93		122.300003	3.35344	x	x	x	x	x	x	x	x	x	x	x	x	x	x	x	x	x	x	x	x	x	x	x	x	x	x	x	x	x	x	x	x	x	x	x	x	x	x	x	x	x	x	x	x	x	x	x	x	x	x	x	x	x	x	x	x	x	x	x	x	x	x	x	x	x	x	x	x	x	x	x	x	x	x	x	x	x	x	x	x	x	x	x	x	x	x	x	x	x	x	x	x	x	x	x	x	x	x	x	x	x	x	x	x	x	x	x	x	x	x	x	x	x	x	x	x	x	x	x	x	x	x	x	x	x	x	x	x	x	x	x	x	x	x	x	x	x	x	x	x	x	x	x	x	x	x	x	x	x	x	x	x	x	x	x	x	x	x	x	x	x	x	x	x	x	x	x	x	x	x	x	x	x	x	x	x	x	x	x	x	x	x	x	x	x	x	x	x	x	x	x	x	x	x	x	x	x	x	x	x	x	x	x	x	x	x	x	x	x	x	x	x	x	x	x	x	x	x	x	x	x	x	x	x	x	x	x	x	x	x	x	x	x	x	x	x	x	x	x	x	x	x	x	x	x	x	x	x	x	x	x	x	x	x	x	x	x	x	x	x	x	x	x	x	x	x	x	x	x	x	x	x	x	x	x	x	x	x	x	x	x	x	x	x	x	x	x	x	x	x	x	x
1	https://genenetwork.org/show_trait?trait_id=12920&dataset=BXDPublish	Fat mass [g]	CD	mouse	BXD	BXDPublish	12920	Fatg	Morphology, metabolism: Body fat mass of 19-week old males [g]	N/A	22939713			Not available	N/A	N/A	N/A		N/A	N/A	N/A	N/A	2	98.108515	rsm10000001275	10.367826012458393		4.609523790223258	3.844	0.108	x	x	x	x	x	x	3.587	0.227	x	x	x	x	3.555	0.129	3.582	0.428	x	x	3.588	0.111	x	x	x	x	x	x	x	x	6.841	0.247	3.659	0.177	x	x	2.964	0.388	x	x	x	x	x	x	x	x	x	x	x	x	x	x	6.808	3.185	x	x	x	x	4.535	0.173	x	x	x	x	5.85	0.58	x	x	x	x	x	x	x	x	x	x	x	x	x	x	2.924	0.152	5.468		6.595	1.397	x	x	4.16	0.151	4.912	0.425	x	x	x	x	x	x	x	x	x	x	x	x	3.7	0.067	4.098	0.137	x	x	x	x	3.835	0.408	4.007	0.299	x	x	x	x	3.394	0.309	8.19	0.71	9.811	1.221	5.646	0.454	x	x	5.414	0.543	5.22	0.27	x	x	4.945	1.112	x	x	3.342	0.167	4.737	0.618	3.843	0.302	x	x	3.188	0.165	x	x	x	x	x	x	x	x	4.998	1.019	3.778	0.095	3.176	0.246	x	x	4.974	1.073	4.185	0.108	x	x	4.369	0.26	4.39		x	x	x	x	x	x	4.823	0.404	4.559	0.572	x	x	3.967	0.293	4.139	0.33	x	x	x	x	x	x	x	x	x	x	x	x	x	x	x	x	x	x	x	x	x	x	x	x	x	x	x	x	x	x	x	x	x	x	x	x	x	x	x	x	x	x	x	x	x	x	x	x	x	x	x	x	x	x	x	x	x	x	x	x	x	x	x	x	x	x	x	x	x	x	x	x	x	x	x	x	x	x	x	x	x	x	x	x	x	x	x	x	x	x	x	x	x	x	x	x	x	x	x	x	x	x	x	x	x	x	x	x	x	x	x	x	x	x	x	x	x	x	x	x	x	x	x	x	x	x	x	x	x	x	x	x	x	x	x	x	x	x	x	x	x	x	x	x	x	x	x	x	x	x	x	x	x	x	x	x	x	x	x	x	x	x	x	x	x	x	x	x	x	x	x	x	x	x	x	x	x	x	x	x	x	x	x	x	x	x	x	x	x	x	x	x	x	x	x	x	x	x	x	x	x	x	x	x	x	x	x	x	x	x	x	x	x	x	x	x	x	x	x	x	x	x	x	x	x	x	x	x	x	x	x	x	x	x	x	x	x	x	x	x	x	x	x	x	x	x	x	x	x	x	x	x	x	x	x	x	x	x	x	x	x	x	x	x	x	x	x	x	x	x	x	x	x	x	x	x	x	x	x	x	x	x	x	x	x	x	x	x	x	x
2	https://genenetwork.org/show_trait?trait_id=17569&dataset=BXDPublish	Fat mass [g]	CD	mouse	BXD	BXDPublish	17569	CD_FatMass_preCLAMS_[g]	Metabolism, morphology: Fat mass during metabolic cage experiment, chow diet (6% kCal/fat Harlan.2918), males [g] (EPFL LISP3 Cohort)	N/A	27284200			Not available	N/A	N/A	N/A		N/A	N/A	N/A	N/A	7	133.996943	rs13479540	12.57597796173656		7.883868831175345	3.21375	0.221422	8.22625	0.641162	x	x	x	x	3.182	0.257	9.12825	1.25291	x	x	5.0824	0.858512	x	x	x	x	5.15	1.91	x	x	x	x	x	x	x	x	16.373199	1.19963	x	x	x	x	x	x	x	x	x	x	x	x	x	x	x	x	x	x	x	x	x	x	x	x	x	x	x	x	5.45	1.02	x	x	7.7	0.727111	x	x	x	x	x	x	x	x	15.0572	0.393432	1.99	0.07	x	x	x	x	5.529	1.435	13.79775	1.04	2.61975	0.386921	6.48	0.6	8.508	1.05935	4.76	0.72	9.8	1.7	5.69225	1.32215	x	x	3.76	0.745205	x	x	3.8924	0.529688	5.27	0.38	x	x	8.15	1.09	6.380667	0.788661	2.88	0.45	9.467	0.645	7.71	0.47	11.6	0.17	11.15	0.5338	12.96	6.5	14.0626	1.92154	8.615	1.81507	9.8698	1.648	14.3	7.2	5.92975	2.34871	11.21	0.494	x	x	6.0055	1.7161	13.884	0.418391	13.15	0.863	x	x	7.6118	0.341844	x	x	5.52	0.46	x	x	10.402	0.383	4.604	1.37	3.171	0.504	8.56	0.61	14.228	0.575	x	x	3.2676	0.253999	x	x	8.54	1.02	3.34	0.916	x	x	x	x	x	x	7.04	3.52	7.97	0.76	9.66	0.872	8.77	3.89837	5.058	0.58	x	x	x	x	x	x	x	x	x	x	x	x	x	x	x	x	x	x	x	x	x	x	x	x	x	x	x	x	x	x	x	x	x	x	x	x	x	x	x	x	x	x	x	x	x	x	x	x	x	x	x	x	x	x	x	x	x	x	x	x	x	x	x	x	x	x	x	x	x	x	x	x	x	x	x	x	x	x	x	x	x	x	x	x	x	x	x	x	x	x	x	x	x	x	x	x	x	x	x	x	x	x	x	x	x	x	x	x	x	x	x	x	x	x	x	x	x	x	x	x	x	x	x	x	x	x	x	x	x	x	x	x	x	x	x	x	x	x	x	x	x	x	x	x	x	x	x	x	x	x	x	x	x	x	x	x	x	x	x	x	x	x	x	x	x	x	x	x	x	x	x	x	x	x	x	x	x	x	x	x	x	x	x	x	x	x	x	x	x	x	x	x	x	x	x	x	x	x	x	x	x	x	x	x	x	x	x	x	x	x	x	x	x	x	x	x	x	x	x	x	x	x	x	x	x	x	x	x	x	x	x	x	x	x	x	x	x	x	x	x	x	x	x	x	x	x	x	x	x	x	x	x	x	x	x	x	x	x	x	x	x	x	x	x	x	x	x	x	x	x	x	x	x	x	x	x	x	x	x	x	x	x	x	x	x	x	x	x	x	x
3	https://genenetwork.org/show_trait?trait_id=17579&dataset=BXDPublish	Fat mass [g]	CD	mouse	BXD	BXDPublish	17579	CD_FatMass_preWheel_[g]	Metabolism, morphology: Fat mass before activity wheel, chow diet (6% kCal/fat Harlan.2918), males [g] (EPFL LISP3 Cohort)	N/A	27284200			Not available	N/A	N/A	N/A		N/A	N/A	N/A	N/A	7	133.996943	rs13479540	15.950766359427753		8.885869135459265	3.79	0.433	7.97	1.521	x	x	x	x	3.566	0.831	x	x	x	x	6.4178	0.853058	x	x	x	x	x	x	2.7442	0.287696	x	x	x	x	x	x	18.120251	0.840708	x	x	x	x	x	x	x	x	x	x	x	x	x	x	x	x	x	x	x	x	x	x	x	x	x	x	x	x	6.9	1.1	x	x	x	x	x	x	x	x	x	x	x	x	15.4724	0.560389	3.65	0.37	x	x	x	x	5.08	2.27	16.440001	1.04	x	x	10.22	1.63	10.567	0.902	5.33575	0.4267	8.26	2.3	x	x	x	x	5.4402	0.922261	x	x	2.105	0.422405	4.1	0.57	x	x	9.88	1.72	6.684667	0.406303	4.23	0.93	9.89	1.46	8.06	0.74	14.47	0.339	12.5536	0.359295	15.4	7.7	14.66	2.555	12.2204	2.07898	10.5	2.5	13.8	6.9	x	x	10.995	1.16	x	x	x	x	15.57	0.8038	12.74	0.74	x	x	8.6312	0.680221	x	x	6.5	0.95	x	x	10.44	0.54	6.28	1.58	4.45	0.63	8.125	1.02	13.904	0.394	x	x	3.57575	0.435273	x	x	7.474	0.341	4.56	1	x	x	x	x	x	x	6.11	3.1	9.9845	1.10313	12.047	0.44	9.058	4.144	7.55	1.3	x	x	x	x	x	x	x	x	x	x	x	x	x	x	x	x	x	x	x	x	x	x	x	x	x	x	x	x	x	x	x	x	x	x	x	x	x	x	x	x	x	x	x	x	x	x	x	x	x	x	x	x	x	x	x	x	x	x	x	x	x	x	x	x	x	x	x	x	x	x	x	x	x	x	x	x	x	x	x	x	x	x	x	x	x	x	x	x	x	x	x	x	x	x	x	x	x	x	x	x	x	x	x	x	x	x	x	x	x	x	x	x	x	x	x	x	x	x	x	x	x	x	x	x	x	x	x	x	x	x	x	x	x	x	x	x	x	x	x	x	x	x	x	x	x	x	x	x	x	x	x	x	x	x	x	x	x	x	x	x	x	x	x	x	x	x	x	x	x	x	x	x	x	x	x	x	x	x	x	x	x	x	x	x	x	x	x	x	x	x	x	x	x	x	x	x	x	x	x	x	x	x	x	x	x	x	x	x	x	x	x	x	x	x	x	x	x	x	x	x	x	x	x	x	x	x	x	x	x	x	x	x	x	x	x	x	x	x	x	x	x	x	x	x	x	x	x	x	x	x	x	x	x	x	x	x	x	x	x	x	x	x	x	x	x	x	x	x	x	x	x	x	x	x	x	x	x	x	x	x	x	x	x	x	x	x	x	x	x	x
1	https://genenetwork.org/show_trait?trait_id=17644&dataset=BXDPublish	Glucose [mg/dl]	HFD	mouse 	BXD	BXDPublish	17644	HFD_Glucose0min_OGTT_[mg/dL]	Metabolism: Glycemia after overnight fast, high fat diet (60% kCal/fat HarlanTD.06414), males [mg/mL] (EPFL LISP3 Cohort)	N/A	25215496			Not available	N/A	N/A	N/A		N/A	N/A	N/A	N/A	10	53.743149	rs3696307	14.09372518098918		145.49669791167636	163	6.1	132.699997	3.5	x	x	x	x	93.199997	8.09568	146.600006	9.31987	x	x	116	10.4403	x	x	x	x	x	x	x	x	x	x	x	x	x	x	148.399994	4.97594	x	x	x	x	x	x	x	x	x	x	x	x	x	x	x	x	x	x	175.875	18.3012	x	x	x	x	x	x	x	x	130.75	12.1955	x	x	103.800003	5.26688	x	x	x	x	x	x	x	x	206.399994	8.77838	100.300003	3.1	x	x	x	x	89.300003	4.1	238.399994	18.2609	163.25	6.90863	145	23.9	159.300003	3.8	113	8.1	144.199997	7.3	178.25	10.7034	x	x	166.800003	13.4365	x	x	77.5	0.866025	118.800003	10.1	x	x	193.5	13.8	144.399994	3.82884	132	7.3	198	8.3	138	8	198.5	6.44	149.25	7.53	x	x	146.5	3.1	162	8.50294	78.5	9.91	202	23	122	8.68907	161	18.7	x	x	125.800003	11.0968	162	4.4	102	7.98	x	x	163.399994	6.50077	x	x	180	13	x	x	133.399994	1.83	158.5	11.62	186	15.1	127.5	13.5	134.75	14.83	x	x	191	6.08276	x	x	95.300003	8.5	157	6.8	x	x	x	x	x	x	131.600006	12.77	158	7	111.599998	9.6	163	13.51	94	9	x	x	x	x	x	x	x	x	x	x	x	x	x	x	x	x	x	x	x	x	x	x	x	x	x	x	x	x	x	x	x	x	x	x	x	x	x	x	x	x	x	x	x	x	x	x	x	x	x	x	x	x	x	x	x	x	x	x	x	x	x	x	x	x	x	x	x	x	x	x	x	x	x	x	x	x	x	x	x	x	x	x	x	x	x	x	x	x	x	x	x	x	x	x	x	x	x	x	x	x	x	x	x	x	x	x	x	x	x	x	x	x	x	x	x	x	x	x	x	x	x	x	x	x	x	x	x	x	x	x	x	x	x	x	x	x	x	x	x	x	x	x	x	x	x	x	x	x	x	x	x	x	x	x	x	x	x	x	x	x	x	x	x	x	x	x	x	x	x	x	x	x	x	x	x	x	x	x	x	x	x	x	x	x	x	x	x	x	x	x	x	x	x	x	x	x	x	x	x	x	x	x	x	x	x	x	x	x	x	x	x	x	x	x	x	x	x	x	x	x	x	x	x	x	x	x	x	x	x	x	x	x	x	x	x	x	x	x	x	x	x	x	x	x	x	x	x	x	x	x	x	x	x	x	x	x	x	x	x	x	x	x	x	x	x	x	x	x	x	x	x	x	x	x	x	x	x	x	x	x	x	x	x	x	x	x	x	x	x	x
1	https://genenetwork.org/show_trait?trait_id=17570&dataset=BXDPublish	Fat mass [g]	HFD	mouse 	BXD	BXDPublish	17570	HFD_FatMass_preCLAMS_[g]	Metabolism, morphology: Fat mass during metabolic cage experiment, high fat diet (60% kCal/fat HarlanTD.06414), males [g] (EPFL LISP3 Cohort)	N/A	27284200			Not available	N/A	N/A	N/A		N/A	N/A	N/A	N/A	12	116.775396	rsm10000009621	12.009599409777476		16.252178388483383	9.0395	1.10812	16.459749	0.306929	x	x	x	x	11.59	1.29	15.0814	1.6759	x	x	x	x	x	x	x	x	x	x	x	x	x	x	x	x	x	x	22.2108	0.678407	x	x	x	x	x	x	x	x	x	x	x	x	x	x	x	x	x	x	21.204	0.233144	x	x	x	x	x	x	x	x	15.729	0.682	x	x	8.13	2.15195	x	x	x	x	x	x	x	x	19.2134	0.160273	6.88	0.32	x	x	x	x	9.017	1.846	28.057249	1.361	11.391	0.87415	21.6	0.696	20.698	1.18	12.92	1.27	x	x	25.7155	1.76645	x	x	12.927	1.06178	x	x	6.2582	0.743879	10.5	0.344	x	x	25.549999	0.24	18.827	0.649551	13	0.44	19.375999	0.813	17.34	1.45	22.629999	0.57	18.16	1.04	x	x	23.6828	1.46274	19.496599	1.35437	10.67	1.679	17.17	0.28	10.8695	2.30314	18.440001	1.42	x	x	15.3182	1.00167	15.903	1.05617	17.948999	0.5456	x	x	16.5952	0.959164	x	x	15.52	1.34	x	x	15.43	0.597	18.26	0.5	11.112	1.025	17.16	1.22	18.98	0.74	x	x	9.1762	0.76581	x	x	13.766	0.51	19.25	0.91	x	x	x	x	x	x	17.68	1.31	18.49	0.56	16.700001	0.57	15.2578	1.54482	16.48	0.77	x	x	x	x	x	x	x	x	x	x	x	x	x	x	x	x	x	x	x	x	x	x	x	x	x	x	x	x	x	x	x	x	x	x	x	x	x	x	x	x	x	x	x	x	x	x	x	x	x	x	x	x	x	x	x	x	x	x	x	x	x	x	x	x	x	x	x	x	x	x	x	x	x	x	x	x	x	x	x	x	x	x	x	x	x	x	x	x	x	x	x	x	x	x	x	x	x	x	x	x	x	x	x	x	x	x	x	x	x	x	x	x	x	x	x	x	x	x	x	x	x	x	x	x	x	x	x	x	x	x	x	x	x	x	x	x	x	x	x	x	x	x	x	x	x	x	x	x	x	x	x	x	x	x	x	x	x	x	x	x	x	x	x	x	x	x	x	x	x	x	x	x	x	x	x	x	x	x	x	x	x	x	x	x	x	x	x	x	x	x	x	x	x	x	x	x	x	x	x	x	x	x	x	x	x	x	x	x	x	x	x	x	x	x	x	x	x	x	x	x	x	x	x	x	x	x	x	x	x	x	x	x	x	x	x	x	x	x	x	x	x	x	x	x	x	x	x	x	x	x	x	x	x	x	x	x	x	x	x	x	x	x	x	x	x	x	x	x	x	x	x	x	x	x	x	x	x	x	x	x	x	x	x	x	x	x	x	x	x	x
2	https://genenetwork.org/show_trait?trait_id=17580&dataset=BXDPublish	Fat mass [g]	HFD	mouse 	BXD	BXDPublish	17580	HFD_FatMass_preWheel_[g]	Metabolism, morphology: Fat mass before activity wheel, high fat diet (60% kCal/fat HarlanTD.06414), males [g] (EPFL LISP3 Cohort)	N/A	27284200			Not available	N/A	N/A	N/A		N/A	N/A	N/A	N/A	11	67.659339	rsm10000008249	11.615782090195122		19.96440006339032	18.275	0.98	16.744801	1.57	x	x	x	x	13.678	1.46	x	x	x	x	19.115601	1.33328	x	x	x	x	x	x	x	x	x	x	x	x	x	x	26.357401	0.849037	x	x	x	x	x	x	x	x	x	x	x	x	x	x	x	x	x	x	21.720249	0.246668	x	x	x	x	x	x	x	x	18.360001	2.11	x	x	x	x	x	x	x	x	x	x	x	x	19.164	0.327662	9.82	1.11	x	x	x	x	14.23	2.65	36.77	2.16	x	x	26.57	1.14	26.32	1.49	19.954	3.6277	x	x	x	x	x	x	17.378	0.548877	x	x	5.877	0.977523	10.9	0.05	x	x	30.59	0.51	22.795401	0.624064	17.1	0.21	18.57	0.4	20.41	1.91	28.370001	0.72	21.959999	1.9	x	x	30.177	2.167	25.360201	1.48695	15.99	0.48	15.848	0.603	x	x	21.4	2.1	x	x	x	x	18.908001	0.6764	19.780001	0.38	x	x	17.9242	2.04874	x	x	19.040001	1.4	x	x	17.281799	0.794	22.68	0.96	12.25	1.07	22.686001	2.7	20.870001	1.77	x	x	11.12175	1.01122	x	x	12.7	6.34	25.16	1.23	x	x	x	x	x	x	21.27	1.75	21.117599	0.960076	22.636999	1.419	21.551399	1.169	21.58	0.787	x	x	x	x	x	x	x	x	x	x	x	x	x	x	x	x	x	x	x	x	x	x	x	x	x	x	x	x	x	x	x	x	x	x	x	x	x	x	x	x	x	x	x	x	x	x	x	x	x	x	x	x	x	x	x	x	x	x	x	x	x	x	x	x	x	x	x	x	x	x	x	x	x	x	x	x	x	x	x	x	x	x	x	x	x	x	x	x	x	x	x	x	x	x	x	x	x	x	x	x	x	x	x	x	x	x	x	x	x	x	x	x	x	x	x	x	x	x	x	x	x	x	x	x	x	x	x	x	x	x	x	x	x	x	x	x	x	x	x	x	x	x	x	x	x	x	x	x	x	x	x	x	x	x	x	x	x	x	x	x	x	x	x	x	x	x	x	x	x	x	x	x	x	x	x	x	x	x	x	x	x	x	x	x	x	x	x	x	x	x	x	x	x	x	x	x	x	x	x	x	x	x	x	x	x	x	x	x	x	x	x	x	x	x	x	x	x	x	x	x	x	x	x	x	x	x	x	x	x	x	x	x	x	x	x	x	x	x	x	x	x	x	x	x	x	x	x	x	x	x	x	x	x	x	x	x	x	x	x	x	x	x	x	x	x	x	x	x	x	x	x	x	x	x	x	x	x	x	x	x	x	x	x	x	x	x	x	x	x	x
1	https://genenetwork.org/show_trait?trait_id=17666&dataset=BXDPublish	Insulin [ng/ml]	HFD	mouse 	BXD	BXDPublish	17666	HFD_Insulin0min_OGTT_[ng/mL]	Metabolism: Insulin during oral glucose tolerance test (OGTT), 0min, at 17 weeks of age, (after overnight fast), high fat diet (60% kCal/fat HarlanTD.06414), males [ug/mL] (EPFL LISP3 Cohort)	N/A	25215496			Not available	N/A	N/A	N/A		N/A	N/A	N/A	N/A	7	68.586905	rsm10000004932	8.956380189		2.1295575808776035	3.3	0.325	3.7855	0.789687	x	x	x	x	0.354	0.0468615	x	x	x	x	x	x	x	x	x	x	x	x	x	x	x	x	x	x	x	x	x	x	x	x	x	x	x	x	x	x	x	x	x	x	x	x	x	x	x	x	x	x	x	x	x	x	x	x	x	x	1.72	0.330151	x	x	x	x	x	x	x	x	x	x	x	x	x	x	0.02	0.02	x	x	x	x	0.007	0.007	1.9148	0.465812	2.114	0.341386	1.418	0.256	9.793333	1.87396	0.606	0.404	1.896	0.421	1.8715	0.227236	x	x	x	x	x	x	1.192	0.148	0.729	0.13	x	x	x	x	4.805	0.965397	1.57	0.124	2.46	0.37	1.048	0.064	4.35	0.35	2.275	0.39	x	x	4.175	0.946535	x	x	0.0975	0.0903	1.733	0.289	1.32325	0.173224	3.32	0.31	x	x	1.3462	0.382466	4.743	1.45386	1.2394	0.296	x	x	2.4586	0.171565	x	x	2.55	0.695	x	x	0.971	0.25	2.723	0.164	3.82975	1.03286	2.105	0.099	2.277	0.2257	x	x	2.0186	0.291729	x	x	1.401	0.66	1.188	0.378	x	x	x	x	x	x	1.15	0.31	1.39	0.09	0.8936	0.087	2.561	0.656685	0.9775	0.1	x	x	x	x	x	x	x	x	x	x	x	x	x	x	x	x	x	x	x	x	x	x	x	x	x	x	x	x	x	x	x	x	x	x	x	x	x	x	x	x	x	x	x	x	x	x	x	x	x	x	x	x	x	x	x	x	x	x	x	x	x	x	x	x	x	x	x	x	x	x	x	x	x	x	x	x	x	x	x	x	x	x	x	x	x	x	x	x	x	x	x	x	x	x	x	x	x	x	x	x	x	x	x	x	x	x	x	x	x	x	x	x	x	x	x	x	x	x	x	x	x	x	x	x	x	x	x	x	x	x	x	x	x	x	x	x	x	x	x	x	x	x	x	x	x	x	x	x	x	x	x	x	x	x	x	x	x	x	x	x	x	x	x	x	x	x	x	x	x	x	x	x	x	x	x	x	x	x	x	x	x	x	x	x	x	x	x	x	x	x	x	x	x	x	x	x	x	x	x	x	x	x	x	x	x	x	x	x	x	x	x	x	x	x	x	x	x	x	x	x	x	x	x	x	x	x	x	x	x	x	x	x	x	x	x	x	x	x	x	x	x	x	x	x	x	x	x	x	x	x	x	x	x	x	x	x	x	x	x	x	x	x	x	x	x	x	x	x	x	x	x	x	x	x	x	x	x	x	x	x	x	x	x	x	x	x	x	x	x	x
2	https://genenetwork.org/show_trait?trait_id=17665&dataset=BXDPublish	Insulin [ng/ml]	CD	mouse 	BXD	BXDPublish	17665	CD_Insulin0min_OGTT_[ng/mL]	Metabolism: Insulin during oral glucose tolerance test (OGTT), 0min, at 17 weeks of age, (after overnight fast), chow diet (6% kCal/fat Harlan.2918), males [ug/mL] (EPFL LISP3 Cohort)	N/A	25215496			Not available	N/A	N/A	N/A		N/A	N/A	N/A	N/A	5	57.569448	rsm10000002429	12.139796171254888		0.7843782588758547	0.387	0.22	2.72175	0.851229	x	x	x	x	0.164	0.00509902	x	x	x	x	x	x	x	x	x	x	x	x	x	x	x	x	x	x	x	x	x	x	x	x	x	x	x	x	x	x	x	x	x	x	x	x	x	x	x	x	x	x	x	x	x	x	x	x	x	x	0.04	0.0352136	x	x	x	x	x	x	x	x	x	x	x	x	x	x	0.02	0.0168325	x	x	x	x	0.155	0.155	1.539	0.739428	0.508	0.0951762	0.167	0.128	0.8334	0.392421	0	0	0.1183	0.083	0.99025	0.132937	x	x	x	x	x	x	2.295	0.588568	0.329	0.16	x	x	0.1816	0.079	0.69	0.324788	0	0	0.71	0.073	0.3155	0.052	1.51	0.121	1.76	0.335	1.33	0.232	2.28175	0.365647	x	x	0.206	0.149	1.48	0.2178	1.19175	0.148101	1.028	0.448	x	x	1.06875	0.134356	3.35525	0.519846	1.0022	0.27	x	x	1.3596	0.15108	x	x	0.132	0.077	x	x	0.085	0.064	0.2	0.095	0.128667	0.0672615	0.4724	0.0888	1.2174	0.1723	x	x	1.634	0.398182	x	x	0.31	0.169	0.02	0.02	x	x	x	x	x	x	0.3485	0.2815	0.012	0.012	0.168	0.078	1.278333	0.528418	0.337	0.11	x	x	x	x	x	x	x	x	x	x	x	x	x	x	x	x	x	x	x	x	x	x	x	x	x	x	x	x	x	x	x	x	x	x	x	x	x	x	x	x	x	x	x	x	x	x	x	x	x	x	x	x	x	x	x	x	x	x	x	x	x	x	x	x	x	x	x	x	x	x	x	x	x	x	x	x	x	x	x	x	x	x	x	x	x	x	x	x	x	x	x	x	x	x	x	x	x	x	x	x	x	x	x	x	x	x	x	x	x	x	x	x	x	x	x	x	x	x	x	x	x	x	x	x	x	x	x	x	x	x	x	x	x	x	x	x	x	x	x	x	x	x	x	x	x	x	x	x	x	x	x	x	x	x	x	x	x	x	x	x	x	x	x	x	x	x	x	x	x	x	x	x	x	x	x	x	x	x	x	x	x	x	x	x	x	x	x	x	x	x	x	x	x	x	x	x	x	x	x	x	x	x	x	x	x	x	x	x	x	x	x	x	x	x	x	x	x	x	x	x	x	x	x	x	x	x	x	x	x	x	x	x	x	x	x	x	x	x	x	x	x	x	x	x	x	x	x	x	x	x	x	x	x	x	x	x	x	x	x	x	x	x	x	x	x	x	x	x	x	x	x	x	x	x	x	x	x	x	x	x	x	x	x	x	x	x	x	x	x	x